1,Add,Custom Database
2,Add,Custom Database
3,Add,Custom Database
4,Add,Custom Database
5,Add,Custom Database
6,Add,Custom Database
1,Add,Custom Database
2,Add,Custom Database
3,Add,Custom Database
4,Add,Custom Database
5,Add,Custom Database
6,Add,Custom Database
1,Add,Custom Database
2,Add,Custom Database
3,Add,Custom Database
4,Add,Custom Database
5,Add,Custom Database
6,Add,Custom Database
1,Add,Custom Database
2,Add,Custom Database
3,Add,Custom Database
4,Add,Custom Database
5,Add,Custom Database
6,Add,Custom Database
1,Add,Custom Database
2,Add,Custom Database
3,Add,Custom Database
4,Add,Custom Database
5,Add,Custom Database
6,Add,Custom Database
1,Add,Custom Database
2,Add,Custom Database
3,Add,Custom Database
4,Add,Custom Database
5,Add,Custom Database
6,Add,Custom Database
1,Add,Custom Database
2,Add,Custom Database
3,Add,Custom Database
4,Add,Custom Database
5,Add,Custom Database
6,Add,Custom Database
1,Add,Custom Database
2,Add,Custom Database
3,Add,Custom Database
4,Add,Custom Database
5,Add,Custom Database
6,Add,Custom Database
1,Add,Custom Database
2,Add,Custom Database
3,Add,Custom Database
4,Add,Custom Database
5,Add,Custom Database
6,Add,Custom Database
1,Add,Custom Database
2,Add,Custom Database
3,Add,Custom Database
4,Add,Custom Database
5,Add,Custom Database
6,Add,Custom Database
1,Add,Custom Database
2,Add,Custom Database
3,Add,Custom Database
4,Add,Custom Database
5,Add,Custom Database
6,Add,Custom Database
1,Add,Custom Database
2,Add,Custom Database
3,Add,Custom Database
4,Add,Custom Database
5,Add,Custom Database
6,Add,Custom Database
1,Add,Custom Database
2,Add,Custom Database
3,Add,Custom Database
4,Add,Custom Database
5,Add,Custom Database
6,Add,Custom Database
1,Add,Custom Database
2,Add,Custom Database
3,Add,Custom Database
4,Add,Custom Database
5,Add,Custom Database
6,Add,Custom Database
1,Add,Custom Database
2,Add,Custom Database
3,Add,Custom Database
4,Add,Custom Database
5,Add,Custom Database
6,Add,Custom Database
1,Add,Custom Database
2,Add,Custom Database
3,Add,Custom Database
4,Add,Custom Database
5,Add,Custom Database
6,Add,Custom Database
1,Add,Custom Database
2,Add,Custom Database
3,Add,Custom Database
4,Add,Custom Database
5,Add,Custom Database
6,Add,Custom Database
1,Add,Custom Database
2,Add,Custom Database
3,Add,Custom Database
4,Add,Custom Database
5,Add,Custom Database
6,Add,Custom Database
1,Add,Custom Database
2,Add,Custom Database
3,Add,Custom Database
4,Add,Custom Database
5,Add,Custom Database
6,Add,Custom Database
1,Add,Custom Database
2,Add,Custom Database
3,Add,Custom Database
4,Add,Custom Database
5,Add,Custom Database
6,Add,Custom Database
1,Add,Custom Database
2,Add,Custom Database
3,Add,Custom Database
4,Add,Custom Database
5,Add,Custom Database
6,Add,Custom Database
1,Add,Custom Database
2,Add,Custom Database
3,Add,Custom Database
4,Add,Custom Database
5,Add,Custom Database
6,Add,Custom Database
1,Add,Custom Database
2,Add,Custom Database
3,Add,Custom Database
4,Add,Custom Database
5,Add,Custom Database
6,Add,Custom Database
1,Add,Custom Database
2,Add,Custom Database
3,Add,Custom Database
4,Add,Custom Database
5,Add,Custom Database
6,Add,Custom Database
1,Add,Custom Database
2,Add,Custom Database
3,Add,Custom Database
4,Add,Custom Database
5,Add,Custom Database
6,Add,Custom Database
1,Add,Custom Database
2,Add,Custom Database
3,Add,Custom Database
4,Add,Custom Database
5,Add,Custom Database
6,Add,Custom Database
1,Add,Custom Database
2,Add,Custom Database
3,Add,Custom Database
4,Add,Custom Database
5,Add,Custom Database
6,Add,Custom Database
1,Add,Custom Database
2,Add,Custom Database
3,Add,Custom Database
4,Add,Custom Database
5,Add,Custom Database
6,Add,Custom Database
1,Add,Custom Database
2,Add,Custom Database
3,Add,Custom Database
4,Add,Custom Database
5,Add,Custom Database
6,Add,Custom Database
1,Add,Custom Database
2,Add,Custom Database
3,Add,Custom Database
4,Add,Custom Database
5,Add,Custom Database
6,Add,Custom Database
1,Add,Custom Database
2,Add,Custom Database
3,Add,Custom Database
4,Add,Custom Database
5,Add,Custom Database
6,Add,Custom Database
1,Add,Custom Database
2,Add,Custom Database
3,Add,Custom Database
4,Add,Custom Database
5,Add,Custom Database
6,Add,Custom Database
1,Add,Custom Database
2,Add,Custom Database
3,Add,Custom Database
4,Add,Custom Database
5,Add,Custom Database
6,Add,Custom Database
1,Add,Custom Database
2,Add,Custom Database
3,Add,Custom Database
4,Add,Custom Database
5,Add,Custom Database
6,Add,Custom Database
1,Add,Custom Database
2,Add,Custom Database
3,Add,Custom Database
4,Add,Custom Database
5,Add,Custom Database
6,Add,Custom Database
1,Add,Custom Database
2,Add,Custom Database
3,Add,Custom Database
4,Add,Custom Database
5,Add,Custom Database
6,Add,Custom Database
1,Add,Custom Database
2,Add,Custom Database
3,Add,Custom Database
4,Add,Custom Database
5,Add,Custom Database
6,Add,Custom Database
1,Add,Custom Database
2,Add,Custom Database
3,Add,Custom Database
4,Add,Custom Database
5,Add,Custom Database
6,Add,Custom Database
1,Add,Custom Database
2,Add,Custom Database
3,Add,Custom Database
4,Add,Custom Database
5,Add,Custom Database
6,Add,Custom Database
1,Add,Custom Database
2,Add,Custom Database
3,Add,Custom Database
4,Add,Custom Database
5,Add,Custom Database
6,Add,Custom Database
1,Add,Custom Database
2,Add,Custom Database
3,Add,Custom Database
4,Add,Custom Database
5,Add,Custom Database
6,Add,Custom Database
1,Add,Custom Database
2,Add,Custom Database
3,Add,Custom Database
4,Add,Custom Database
5,Add,Custom Database
6,Add,Custom Database
1,Add,Custom Database
2,Add,Custom Database
3,Add,Custom Database
4,Add,Custom Database
5,Add,Custom Database
6,Add,Custom Database
1,Add,Custom Database
2,Add,Custom Database
3,Add,Custom Database
4,Add,Custom Database
5,Add,Custom Database
6,Add,Custom Database
1,Add,Custom Database
2,Add,Custom Database
3,Add,Custom Database
4,Add,Custom Database
5,Add,Custom Database
6,Add,Custom Database
